<?xml version="1.0" encoding="UTF-8"?>
<project-private xmlns="http://www.netbeans.org/ns/project-private/1">
    <editor-bookmarks xmlns="http://www.netbeans.org/ns/editor-bookmarks/2" lastBookmarkId="0"/>
    <open-files xmlns="http://www.netbeans.org/ns/projectui-open-files/2">
        <group>
            <file>file:/C:/Users/DELL/Documents/NetBeansProjects/Tianquitzli/src/tianquiztli/Tianquiztli.java</file>
            <file>file:/C:/Users/DELL/Documents/NetBeansProjects/Tianquitzli/src/VentanaPedidosComModelo/Conexion.java</file>
            <file>file:/C:/Users/DELL/Documents/NetBeansProjects/Tianquitzli/src/VentanaPedidosComModelo/pedidosComDAO.java</file>
            <file>file:/C:/Users/DELL/Documents/NetBeansProjects/Tianquitzli/src/VentanaPedidosComContr/controladorPC.java</file>
            <file>file:/C:/Users/DELL/Documents/NetBeansProjects/Tianquitzli/src/VentanaPedidosComModelo/pedidosCom.java</file>
        </group>
    </open-files>
</project-private>
